{"avg_acc": 0.8120800000000001, "std_acc": 0.0004955804677345475}