{"avg_acc": 0.8549599999999999, "std_acc": 0.0011164228589562323}