{"avg_acc": 0.7865800000000001, "std_acc": 0.00019390719429666843}