{"avg_acc": 0.8208399999999999, "std_acc": 0.002080961316315118}