{"avg_acc": 0.8430000000000002, "std_acc": 0.0016516658257650044}