{"avg_acc": 0.8433400000000001, "std_acc": 0.00033823069050576}