{"avg_acc": 0.6481999999999999, "std_acc": 0.004470794112906561}