{"avg_acc": 0.79448, "std_acc": 0.0044332380942151105}