{"avg_acc": 0.6823199999999999, "std_acc": 0.00428597713479669}