{"avg_acc": 0.67864, "std_acc": 0.013441964142192928}