{"avg_acc": 0.6852600000000001, "std_acc": 0.008964953987611967}