{"avg_acc": 0.76316, "std_acc": 0.0016716458955173482}