{"avg_acc": 0.68986, "std_acc": 0.004375659950224627}