{"avg_acc": 0.86546, "std_acc": 0.0010091580649234286}